[{"footer-widget-1":["custom_html-1"],"advanced-footer-widget-1":["media_image-1","custom_html-2"],"advanced-footer-widget-2":["nav_menu-1"],"advanced-footer-widget-3":["nav_menu-2"],"advanced-footer-widget-4":["custom_html-3"]},{"custom_html":{"1":{"title":"","content":"<div style=\"text-align:center;\">\r\n\tCopyright \u00a9 2018 Bstone | Powered by Bstone\r\n<\/div>"},"2":{"title":"","content":"<div style=\"line-height:24px; padding-top:15px;\">\r\n\tLorem ipsum dolor sit amet, mattis consectetuer adipiscing suspendisse et justo. Praesent mattis ugue.\r\n<\/div>"},"3":{"title":"Get In Touch","content":"<ul>\r\n\t<li><img src=\"http:\/\/stackthemesdemo.com\/themes\/bstone\/business1\/wp-content\/uploads\/sites\/2\/2018\/05\/pin.png\" style=\"padding-right:15px;\" \/>12 Street Avenue, New York, USA<\/li>\r\n\t<li><img src=\"http:\/\/stackthemesdemo.com\/themes\/bstone\/business1\/wp-content\/uploads\/sites\/2\/2018\/05\/envelope.png\"  style=\"padding-right:15px;\"\/>mail@wpbstone.com<\/li>\r\n\t<li><img src=\"http:\/\/stackthemesdemo.com\/themes\/bstone\/business1\/wp-content\/uploads\/sites\/2\/2018\/05\/phone.png\" style=\"padding-right:15px;\" \/>(800) 123 4567<\/li>\r\n\t<li><img src=\"http:\/\/stackthemesdemo.com\/themes\/bstone\/business1\/wp-content\/uploads\/sites\/2\/2018\/05\/fax.png\" style=\"padding-right:15px;\" \/>(800) 123 4567<\/li>\r\n<\/ul>"},"_multiwidget":1},"media_image":{"1":{"attachment_id":169,"url":"http:\/\/stackthemesdemo.com\/themes\/bstone\/business-1\/wp-content\/uploads\/2018\/05\/footer-logo.png","title":"","size":"full","width":159,"height":35,"caption":"","alt":"","link_type":"custom","link_url":"","image_classes":"","link_classes":"","link_rel":"","link_target_blank":false,"image_title":""},"_multiwidget":1},"nav_menu":{"1":{"title":"Important Links","nav_menu":4},"2":{"title":"Useful Links","nav_menu":5},"_multiwidget":1}}]