{"_last_updated":"Wed, 23 Oct 2019 15:03:49 +0000","ID":"CF5db0675bcb6c5","cf_version":"1.8.7","name":"Contact Form","scroll_top":0,"success":"Form has been successfully submitted. Thank you.\t\t\t\t\t\t","db_support":1,"pinned":0,"hide_form":1,"avatar_field":"fld_6009157","form_ajax":1,"custom_callback":"","layout_grid":{"fields":{"fld_8768091":"1:1","fld_9970286":"1:2","fld_6009157":"2:1","fld_6033329":"2:2","fld_7683514":"3:1","fld_1183206":"4:1","fld_7908577":"4:2"},"structure":"6:6|6:6|12|6:6"},"fields":{"fld_8768091":{"ID":"fld_8768091","type":"text","label":"First Name","hide_label":1,"slug":"first_name","conditions":{"type":""},"required":1,"caption":"","config":{"custom_class":"","placeholder":"","default":"","type_override":"text","mask":"","email_identifier":0,"personally_identifying":0}},"fld_9970286":{"ID":"fld_9970286","type":"text","label":"Last Name","hide_label":1,"slug":"last_name","conditions":{"type":""},"required":1,"caption":"","config":{"custom_class":"","placeholder":"","default":"","type_override":"text","mask":"","email_identifier":0,"personally_identifying":0}},"fld_6009157":{"ID":"fld_6009157","type":"email","label":"Email Address","hide_label":1,"slug":"email_address","conditions":{"type":""},"required":1,"caption":"","config":{"custom_class":"","placeholder":"Email Address","default":"","email_identifier":0,"personally_identifying":0}},"fld_7683514":{"ID":"fld_7683514","type":"paragraph","label":"Message","hide_label":1,"slug":"comments_questions","conditions":{"type":""},"required":1,"caption":"","config":{"custom_class":"","placeholder":"Message","rows":3,"default":"","email_identifier":0,"personally_identifying":0}},"fld_1183206":{"ID":"fld_1183206","type":"html","label":"html__fld_1183206","slug":"html__fld_1183206","conditions":{"type":""},"caption":"","config":{"custom_class":"","default":"<div style=\"font-style: italic; color: #8b8cb3;\">We all know how important your information is. They are always safe with us.<\/div>"}},"fld_7908577":{"ID":"fld_7908577","type":"button","label":"Send Message","slug":"submit","conditions":{"type":""},"caption":"","config":{"custom_class":"","type":"submit","class":"btn btn-default","target":""}},"fld_6033329":{"ID":"fld_6033329","type":"number","label":"Phone Number","hide_label":1,"slug":"phone_number","conditions":{"type":""},"caption":"","config":{"custom_class":"","placeholder":"Phone Number","default":"","min":"","max":"","step":"","email_identifier":0,"personally_identifying":0}}},"page_names":["Page 1"],"mailer":{"on_insert":1,"sender_name":"Caldera Forms Notification","sender_email":"nasir.ist@hotmail.com","reply_to":"","email_type":"html","recipients":"","bcc_to":"","email_subject":"Contact Form","email_message":"{summary}"},"processors":{"fp_17689566":{"ID":"fp_17689566","runtimes":{"insert":1},"type":"auto_responder","config":{"sender_name":"Freelancer","sender_email":"nasir.ist@hotmail.com","reply_to":"","cc":"","bcc":"","subject":"Thank you for contacting us","recipient_name":"%first_name% %last_name%","recipient_email":"%email_address%","message":"Hi %recipient_name%.\nThanks for your email.\nWe'll get back to you as soon as possible!\nHere's a summary of your message:\n------------------------\n{summary}"},"conditions":{"type":""}}},"check_honey":1,"antispam":{"sender_name":"","sender_email":""},"conditional_groups":[],"settings":{"responsive":{"break_point":"sm"}},"privacy_exporter_enabled":false,"version":"1.8.7","db_id":"6","type":"primary"}