<?xml version="1.0" encoding="UTF-8" ?>
<!-- This is a WordPress eXtended RSS file generated by WordPress as an export of your site. -->
<!-- It contains information about your site's posts, pages, comments, categories, and other content. -->
<!-- You may use this file to transfer that content from one site to another. -->
<!-- This file is not intended to serve as a complete backup of your site. -->

<!-- To import this information into a WordPress site follow these steps: -->
<!-- 1. Log in to that site as an administrator. -->
<!-- 2. Go to Tools: Import in the WordPress admin panel. -->
<!-- 3. Install the "WordPress" importer from the list. -->
<!-- 4. Activate & Run Importer. -->
<!-- 5. Upload this file using the form provided on that page. -->
<!-- 6. You will first be asked to map the authors in this export file to users -->
<!--    on the site. For each author, you may choose to map to an -->
<!--    existing user on the site or to create a new user. -->
<!-- 7. WordPress will then import each of the posts, pages, comments, categories, etc. -->
<!--    contained in this file into your site. -->

	<!-- generator="WordPress/5.2.4" created="2019-10-27 10:41" -->
<rss version="2.0"
	xmlns:excerpt="http://wordpress.org/export/1.2/excerpt/"
	xmlns:content="http://purl.org/rss/1.0/modules/content/"
	xmlns:wfw="http://wellformedweb.org/CommentAPI/"
	xmlns:dc="http://purl.org/dc/elements/1.1/"
	xmlns:wp="http://wordpress.org/export/1.2/"
>

<channel>
	<title>Lawyer</title>
	<link>http://stackthemesdemo.com/themes/bstone/lawyer</link>
	<description>Just another Bstone Sites site</description>
	<pubDate>Sun, 27 Oct 2019 10:41:26 +0000</pubDate>
	<language>en-US</language>
	<wp:wxr_version>1.2</wp:wxr_version>
	<wp:base_site_url>http://stackthemesdemo.com/themes/bstone/</wp:base_site_url>
	<wp:base_blog_url>http://stackthemesdemo.com/themes/bstone/lawyer</wp:base_blog_url>

		<wp:author><wp:author_id>1</wp:author_id><wp:author_login><![CDATA[arick]]></wp:author_login><wp:author_email><![CDATA[nasir.ist@hotmail.com]]></wp:author_email><wp:author_display_name><![CDATA[arick]]></wp:author_display_name><wp:author_first_name><![CDATA[]]></wp:author_first_name><wp:author_last_name><![CDATA[]]></wp:author_last_name></wp:author>

		<wp:category>
		<wp:term_id>1</wp:term_id>
		<wp:category_nicename><![CDATA[uncategorized]]></wp:category_nicename>
		<wp:category_parent><![CDATA[]]></wp:category_parent>
		<wp:cat_name><![CDATA[Uncategorized]]></wp:cat_name>
	</wp:category>
					<wp:term><wp:term_id>2</wp:term_id><wp:term_taxonomy>nav_menu</wp:term_taxonomy><wp:term_slug><![CDATA[main-menu]]></wp:term_slug><wp:term_name><![CDATA[Main Menu]]></wp:term_name>
</wp:term>

	<generator>https://wordpress.org/?v=5.2.4</generator>

		<item>
		<title>Hello world!</title>
		<link>http://stackthemesdemo.com/themes/bstone/lawyer/2019/10/23/hello-world/</link>
		<pubDate>Wed, 23 Oct 2019 15:55:57 +0000</pubDate>
		<dc:creator><![CDATA[arick]]></dc:creator>
		<guid isPermaLink="false">http://stackthemesdemo.com/themes/bstone/lawyer/?p=1</guid>
		<description></description>
		<content:encoded><![CDATA[Welcome to <a href="http://stackthemesdemo.com/themes/bstone/">Bstone Sites</a>. This is your first post. Edit or delete it, then start blogging!]]></content:encoded>
		<excerpt:encoded><![CDATA[]]></excerpt:encoded>
		<wp:post_id>1</wp:post_id>
		<wp:post_date><![CDATA[2019-10-23 15:55:57]]></wp:post_date>
		<wp:post_date_gmt><![CDATA[2019-10-23 15:55:57]]></wp:post_date_gmt>
		<wp:comment_status><![CDATA[open]]></wp:comment_status>
		<wp:ping_status><![CDATA[open]]></wp:ping_status>
		<wp:post_name><![CDATA[hello-world]]></wp:post_name>
		<wp:status><![CDATA[publish]]></wp:status>
		<wp:post_parent>0</wp:post_parent>
		<wp:menu_order>0</wp:menu_order>
		<wp:post_type><![CDATA[post]]></wp:post_type>
		<wp:post_password><![CDATA[]]></wp:post_password>
		<wp:is_sticky>0</wp:is_sticky>
										<category domain="category" nicename="uncategorized"><![CDATA[Uncategorized]]></category>
						<wp:comment>
			<wp:comment_id>1</wp:comment_id>
			<wp:comment_author><![CDATA[A WordPress Commenter]]></wp:comment_author>
			<wp:comment_author_email><![CDATA[wapuu@wordpress.example]]></wp:comment_author_email>
			<wp:comment_author_url>https://wordpress.org/</wp:comment_author_url>
			<wp:comment_author_IP><![CDATA[]]></wp:comment_author_IP>
			<wp:comment_date><![CDATA[2019-10-23 15:55:57]]></wp:comment_date>
			<wp:comment_date_gmt><![CDATA[2019-10-23 15:55:57]]></wp:comment_date_gmt>
			<wp:comment_content><![CDATA[Hi, this is a comment.
To get started with moderating, editing, and deleting comments, please visit the Comments screen in the dashboard.
Commenter avatars come from <a href="https://gravatar.com">Gravatar</a>.]]></wp:comment_content>
			<wp:comment_approved><![CDATA[1]]></wp:comment_approved>
			<wp:comment_type><![CDATA[]]></wp:comment_type>
			<wp:comment_parent>0</wp:comment_parent>
			<wp:comment_user_id>0</wp:comment_user_id>
							</wp:comment>
					</item>
					<item>
		<title>Home</title>
		<link>http://stackthemesdemo.com/themes/bstone/lawyer/</link>
		<pubDate>Wed, 23 Oct 2019 15:55:57 +0000</pubDate>
		<dc:creator><![CDATA[arick]]></dc:creator>
		<guid isPermaLink="false">http://stackthemesdemo.com/themes/bstone/lawyer/?page_id=2</guid>
		<description></description>
		<content:encoded><![CDATA[[smartslider3 slider=2]]]></content:encoded>
		<excerpt:encoded><![CDATA[]]></excerpt:encoded>
		<wp:post_id>2</wp:post_id>
		<wp:post_date><![CDATA[2019-10-23 15:55:57]]></wp:post_date>
		<wp:post_date_gmt><![CDATA[2019-10-23 15:55:57]]></wp:post_date_gmt>
		<wp:comment_status><![CDATA[closed]]></wp:comment_status>
		<wp:ping_status><![CDATA[open]]></wp:ping_status>
		<wp:post_name><![CDATA[home]]></wp:post_name>
		<wp:status><![CDATA[publish]]></wp:status>
		<wp:post_parent>0</wp:post_parent>
		<wp:menu_order>0</wp:menu_order>
		<wp:post_type><![CDATA[page]]></wp:post_type>
		<wp:post_password><![CDATA[]]></wp:post_password>
		<wp:is_sticky>0</wp:is_sticky>
														<wp:postmeta>
		<wp:meta_key><![CDATA[_wp_page_template]]></wp:meta_key>
		<wp:meta_value><![CDATA[default]]></wp:meta_value>
		</wp:postmeta>
							<wp:postmeta>
		<wp:meta_key><![CDATA[_edit_last]]></wp:meta_key>
		<wp:meta_value><![CDATA[1]]></wp:meta_value>
		</wp:postmeta>
							<wp:postmeta>
		<wp:meta_key><![CDATA[site-content-layout]]></wp:meta_key>
		<wp:meta_value><![CDATA[default]]></wp:meta_value>
		</wp:postmeta>
							<wp:postmeta>
		<wp:meta_key><![CDATA[site-sidebar-layout]]></wp:meta_key>
		<wp:meta_value><![CDATA[default]]></wp:meta_value>
		</wp:postmeta>
							<wp:postmeta>
		<wp:meta_key><![CDATA[site-post-title]]></wp:meta_key>
		<wp:meta_value><![CDATA[disabled]]></wp:meta_value>
		</wp:postmeta>
							<wp:postmeta>
		<wp:meta_key><![CDATA[_elementor_edit_mode]]></wp:meta_key>
		<wp:meta_value><![CDATA[builder]]></wp:meta_value>
		</wp:postmeta>
							<wp:postmeta>
		<wp:meta_key><![CDATA[_elementor_template_type]]></wp:meta_key>
		<wp:meta_value><![CDATA[wp-page]]></wp:meta_value>
		</wp:postmeta>
							<wp:postmeta>
		<wp:meta_key><![CDATA[_elementor_version]]></wp:meta_key>
		<wp:meta_value><![CDATA[2.7.4]]></wp:meta_value>
		</wp:postmeta>
							<wp:postmeta>
		<wp:meta_key><![CDATA[_elementor_data]]></wp:meta_key>
		<wp:meta_value><![CDATA[[{"id":"3de5306","elType":"section","settings":{"stretch_section":"section-stretched","layout":"full_width","background_background":"classic","background_image":{"url":"http:\/\/stackthemesdemo.com\/themes\/bstone\/lawyer\/wp-content\/uploads\/sites\/17\/2019\/10\/slide02.jpg","id":28},"background_overlay_background":"classic","background_overlay_color":"rgba(24,24,52,0.85)","background_overlay_opacity":{"unit":"px","size":1,"sizes":[]},"padding":{"unit":"px","top":"200","right":"0","bottom":"200","left":"0","isLinked":false}},"elements":[{"id":"922d116","elType":"column","settings":{"_column_size":100},"elements":[],"isInner":false}],"isInner":false},{"id":"c2e2190","elType":"section","settings":{"stretch_section":"section-stretched","layout":"full_width","gap":"no"},"elements":[{"id":"42eb38b","elType":"column","settings":{"_column_size":100},"elements":[{"id":"9c082a3","elType":"widget","settings":{"shortcode":"[smartslider3 slider=2]"},"elements":[],"widgetType":"shortcode"}],"isInner":false}],"isInner":false}]]]></wp:meta_value>
		</wp:postmeta>
							<wp:postmeta>
		<wp:meta_key><![CDATA[_elementor_controls_usage]]></wp:meta_key>
		<wp:meta_value><![CDATA[a:3:{s:6:"column";a:3:{s:5:"count";i:2;s:15:"control_percent";i:0;s:8:"controls";a:0:{}}s:7:"section";a:3:{s:5:"count";i:2;s:15:"control_percent";i:1;s:8:"controls";a:3:{s:6:"layout";a:1:{s:14:"section_layout";a:3:{s:15:"stretch_section";i:2;s:6:"layout";i:2;s:3:"gap";i:1;}}s:5:"style";a:2:{s:18:"section_background";a:2:{s:21:"background_background";i:1;s:16:"background_image";i:1;}s:26:"section_background_overlay";a:3:{s:29:"background_overlay_background";i:1;s:24:"background_overlay_color";i:1;s:26:"background_overlay_opacity";i:1;}}s:8:"advanced";a:1:{s:16:"section_advanced";a:1:{s:7:"padding";i:1;}}}}s:9:"shortcode";a:3:{s:5:"count";i:1;s:15:"control_percent";i:1;s:8:"controls";a:1:{s:7:"content";a:1:{s:17:"section_shortcode";a:1:{s:9:"shortcode";i:1;}}}}}]]></wp:meta_value>
		</wp:postmeta>
							</item>
					<item>
		<title>Contact form 1</title>
		<link>http://stackthemesdemo.com/themes/bstone/lawyer/?post_type=wpcf7_contact_form&#038;p=4</link>
		<pubDate>Wed, 23 Oct 2019 16:01:14 +0000</pubDate>
		<dc:creator><![CDATA[arick]]></dc:creator>
		<guid isPermaLink="false">http://stackthemesdemo.com/themes/bstone/lawyer/?post_type=wpcf7_contact_form&#038;p=4</guid>
		<description></description>
		<content:encoded><![CDATA[<label> Your Name (required)
    [text* your-name] </label>

<label> Your Email (required)
    [email* your-email] </label>

<label> Subject
    [text your-subject] </label>

<label> Your Message
    [textarea your-message] </label>

[submit "Send"]
Lawyer "[your-subject]"
Lawyer <wordpress@stackthemesdemo.com>
From: [your-name] <[your-email]>
Subject: [your-subject]

Message Body:
[your-message]

-- 
This e-mail was sent from a contact form on Lawyer (http://stackthemesdemo.com/themes/bstone/lawyer)
nasir.ist@hotmail.com
Reply-To: [your-email]

0
0

Lawyer "[your-subject]"
Lawyer <wordpress@stackthemesdemo.com>
Message Body:
[your-message]

-- 
This e-mail was sent from a contact form on Lawyer (http://stackthemesdemo.com/themes/bstone/lawyer)
[your-email]
Reply-To: nasir.ist@hotmail.com

0
0
Thank you for your message. It has been sent.
There was an error trying to send your message. Please try again later.
One or more fields have an error. Please check and try again.
There was an error trying to send your message. Please try again later.
You must accept the terms and conditions before sending your message.
The field is required.
The field is too long.
The field is too short.]]></content:encoded>
		<excerpt:encoded><![CDATA[]]></excerpt:encoded>
		<wp:post_id>4</wp:post_id>
		<wp:post_date><![CDATA[2019-10-23 16:01:14]]></wp:post_date>
		<wp:post_date_gmt><![CDATA[2019-10-23 16:01:14]]></wp:post_date_gmt>
		<wp:comment_status><![CDATA[closed]]></wp:comment_status>
		<wp:ping_status><![CDATA[closed]]></wp:ping_status>
		<wp:post_name><![CDATA[contact-form-1]]></wp:post_name>
		<wp:status><![CDATA[publish]]></wp:status>
		<wp:post_parent>0</wp:post_parent>
		<wp:menu_order>0</wp:menu_order>
		<wp:post_type><![CDATA[wpcf7_contact_form]]></wp:post_type>
		<wp:post_password><![CDATA[]]></wp:post_password>
		<wp:is_sticky>0</wp:is_sticky>
														<wp:postmeta>
		<wp:meta_key><![CDATA[_elementor_controls_usage]]></wp:meta_key>
		<wp:meta_value><![CDATA[a:0:{}]]></wp:meta_value>
		</wp:postmeta>
							<wp:postmeta>
		<wp:meta_key><![CDATA[_form]]></wp:meta_key>
		<wp:meta_value><![CDATA[<label> Your Name (required)
    [text* your-name] </label>

<label> Your Email (required)
    [email* your-email] </label>

<label> Subject
    [text your-subject] </label>

<label> Your Message
    [textarea your-message] </label>

[submit "Send"]]]></wp:meta_value>
		</wp:postmeta>
							<wp:postmeta>
		<wp:meta_key><![CDATA[_mail]]></wp:meta_key>
		<wp:meta_value><![CDATA[a:8:{s:7:"subject";s:23:"Lawyer "[your-subject]"";s:6:"sender";s:38:"Lawyer <wordpress@stackthemesdemo.com>";s:4:"body";s:192:"From: [your-name] <[your-email]>
Subject: [your-subject]

Message Body:
[your-message]

-- 
This e-mail was sent from a contact form on Lawyer (http://stackthemesdemo.com/themes/bstone/lawyer)";s:9:"recipient";s:21:"nasir.ist@hotmail.com";s:18:"additional_headers";s:22:"Reply-To: [your-email]";s:11:"attachments";s:0:"";s:8:"use_html";i:0;s:13:"exclude_blank";i:0;}]]></wp:meta_value>
		</wp:postmeta>
							<wp:postmeta>
		<wp:meta_key><![CDATA[_mail_2]]></wp:meta_key>
		<wp:meta_value><![CDATA[a:9:{s:6:"active";b:0;s:7:"subject";s:23:"Lawyer "[your-subject]"";s:6:"sender";s:38:"Lawyer <wordpress@stackthemesdemo.com>";s:4:"body";s:134:"Message Body:
[your-message]

-- 
This e-mail was sent from a contact form on Lawyer (http://stackthemesdemo.com/themes/bstone/lawyer)";s:9:"recipient";s:12:"[your-email]";s:18:"additional_headers";s:31:"Reply-To: nasir.ist@hotmail.com";s:11:"attachments";s:0:"";s:8:"use_html";i:0;s:13:"exclude_blank";i:0;}]]></wp:meta_value>
		</wp:postmeta>
							<wp:postmeta>
		<wp:meta_key><![CDATA[_messages]]></wp:meta_key>
		<wp:meta_value><![CDATA[a:8:{s:12:"mail_sent_ok";s:45:"Thank you for your message. It has been sent.";s:12:"mail_sent_ng";s:71:"There was an error trying to send your message. Please try again later.";s:16:"validation_error";s:61:"One or more fields have an error. Please check and try again.";s:4:"spam";s:71:"There was an error trying to send your message. Please try again later.";s:12:"accept_terms";s:69:"You must accept the terms and conditions before sending your message.";s:16:"invalid_required";s:22:"The field is required.";s:16:"invalid_too_long";s:22:"The field is too long.";s:17:"invalid_too_short";s:23:"The field is too short.";}]]></wp:meta_value>
		</wp:postmeta>
							<wp:postmeta>
		<wp:meta_key><![CDATA[_additional_settings]]></wp:meta_key>
		<wp:meta_value><![CDATA[]]></wp:meta_value>
		</wp:postmeta>
							<wp:postmeta>
		<wp:meta_key><![CDATA[_locale]]></wp:meta_key>
		<wp:meta_value><![CDATA[en_US]]></wp:meta_value>
		</wp:postmeta>
							</item>
					<item>
		<title>About Us</title>
		<link>http://stackthemesdemo.com/themes/bstone/lawyer/about-us/</link>
		<pubDate>Wed, 23 Oct 2019 16:31:34 +0000</pubDate>
		<dc:creator><![CDATA[arick]]></dc:creator>
		<guid isPermaLink="false">http://stackthemesdemo.com/themes/bstone/lawyer/?page_id=7</guid>
		<description></description>
		<content:encoded><![CDATA[]]></content:encoded>
		<excerpt:encoded><![CDATA[]]></excerpt:encoded>
		<wp:post_id>7</wp:post_id>
		<wp:post_date><![CDATA[2019-10-23 16:31:34]]></wp:post_date>
		<wp:post_date_gmt><![CDATA[2019-10-23 16:31:34]]></wp:post_date_gmt>
		<wp:comment_status><![CDATA[closed]]></wp:comment_status>
		<wp:ping_status><![CDATA[closed]]></wp:ping_status>
		<wp:post_name><![CDATA[about-us]]></wp:post_name>
		<wp:status><![CDATA[publish]]></wp:status>
		<wp:post_parent>0</wp:post_parent>
		<wp:menu_order>0</wp:menu_order>
		<wp:post_type><![CDATA[page]]></wp:post_type>
		<wp:post_password><![CDATA[]]></wp:post_password>
		<wp:is_sticky>0</wp:is_sticky>
														<wp:postmeta>
		<wp:meta_key><![CDATA[_elementor_controls_usage]]></wp:meta_key>
		<wp:meta_value><![CDATA[a:0:{}]]></wp:meta_value>
		</wp:postmeta>
							<wp:postmeta>
		<wp:meta_key><![CDATA[_edit_last]]></wp:meta_key>
		<wp:meta_value><![CDATA[1]]></wp:meta_value>
		</wp:postmeta>
							<wp:postmeta>
		<wp:meta_key><![CDATA[site-content-layout]]></wp:meta_key>
		<wp:meta_value><![CDATA[default]]></wp:meta_value>
		</wp:postmeta>
							<wp:postmeta>
		<wp:meta_key><![CDATA[site-sidebar-layout]]></wp:meta_key>
		<wp:meta_value><![CDATA[default]]></wp:meta_value>
		</wp:postmeta>
							<wp:postmeta>
		<wp:meta_key><![CDATA[site-post-title]]></wp:meta_key>
		<wp:meta_value><![CDATA[disabled]]></wp:meta_value>
		</wp:postmeta>
							</item>
					<item>
		<title>Lawyers</title>
		<link>http://stackthemesdemo.com/themes/bstone/lawyer/lawyers/</link>
		<pubDate>Wed, 23 Oct 2019 16:32:34 +0000</pubDate>
		<dc:creator><![CDATA[arick]]></dc:creator>
		<guid isPermaLink="false">http://stackthemesdemo.com/themes/bstone/lawyer/?page_id=9</guid>
		<description></description>
		<content:encoded><![CDATA[]]></content:encoded>
		<excerpt:encoded><![CDATA[]]></excerpt:encoded>
		<wp:post_id>9</wp:post_id>
		<wp:post_date><![CDATA[2019-10-23 16:32:34]]></wp:post_date>
		<wp:post_date_gmt><![CDATA[2019-10-23 16:32:34]]></wp:post_date_gmt>
		<wp:comment_status><![CDATA[closed]]></wp:comment_status>
		<wp:ping_status><![CDATA[closed]]></wp:ping_status>
		<wp:post_name><![CDATA[lawyers]]></wp:post_name>
		<wp:status><![CDATA[publish]]></wp:status>
		<wp:post_parent>0</wp:post_parent>
		<wp:menu_order>0</wp:menu_order>
		<wp:post_type><![CDATA[page]]></wp:post_type>
		<wp:post_password><![CDATA[]]></wp:post_password>
		<wp:is_sticky>0</wp:is_sticky>
														<wp:postmeta>
		<wp:meta_key><![CDATA[_elementor_controls_usage]]></wp:meta_key>
		<wp:meta_value><![CDATA[a:0:{}]]></wp:meta_value>
		</wp:postmeta>
							<wp:postmeta>
		<wp:meta_key><![CDATA[_edit_last]]></wp:meta_key>
		<wp:meta_value><![CDATA[1]]></wp:meta_value>
		</wp:postmeta>
							<wp:postmeta>
		<wp:meta_key><![CDATA[site-content-layout]]></wp:meta_key>
		<wp:meta_value><![CDATA[default]]></wp:meta_value>
		</wp:postmeta>
							<wp:postmeta>
		<wp:meta_key><![CDATA[site-sidebar-layout]]></wp:meta_key>
		<wp:meta_value><![CDATA[default]]></wp:meta_value>
		</wp:postmeta>
							<wp:postmeta>
		<wp:meta_key><![CDATA[site-post-title]]></wp:meta_key>
		<wp:meta_value><![CDATA[disabled]]></wp:meta_value>
		</wp:postmeta>
							</item>
					<item>
		<title>Practice Areas</title>
		<link>http://stackthemesdemo.com/themes/bstone/lawyer/practice-areas/</link>
		<pubDate>Wed, 23 Oct 2019 16:32:58 +0000</pubDate>
		<dc:creator><![CDATA[arick]]></dc:creator>
		<guid isPermaLink="false">http://stackthemesdemo.com/themes/bstone/lawyer/?page_id=11</guid>
		<description></description>
		<content:encoded><![CDATA[]]></content:encoded>
		<excerpt:encoded><![CDATA[]]></excerpt:encoded>
		<wp:post_id>11</wp:post_id>
		<wp:post_date><![CDATA[2019-10-23 16:32:58]]></wp:post_date>
		<wp:post_date_gmt><![CDATA[2019-10-23 16:32:58]]></wp:post_date_gmt>
		<wp:comment_status><![CDATA[closed]]></wp:comment_status>
		<wp:ping_status><![CDATA[closed]]></wp:ping_status>
		<wp:post_name><![CDATA[practice-areas]]></wp:post_name>
		<wp:status><![CDATA[publish]]></wp:status>
		<wp:post_parent>0</wp:post_parent>
		<wp:menu_order>0</wp:menu_order>
		<wp:post_type><![CDATA[page]]></wp:post_type>
		<wp:post_password><![CDATA[]]></wp:post_password>
		<wp:is_sticky>0</wp:is_sticky>
														<wp:postmeta>
		<wp:meta_key><![CDATA[_elementor_controls_usage]]></wp:meta_key>
		<wp:meta_value><![CDATA[a:0:{}]]></wp:meta_value>
		</wp:postmeta>
							<wp:postmeta>
		<wp:meta_key><![CDATA[_edit_last]]></wp:meta_key>
		<wp:meta_value><![CDATA[1]]></wp:meta_value>
		</wp:postmeta>
							<wp:postmeta>
		<wp:meta_key><![CDATA[site-content-layout]]></wp:meta_key>
		<wp:meta_value><![CDATA[default]]></wp:meta_value>
		</wp:postmeta>
							<wp:postmeta>
		<wp:meta_key><![CDATA[site-sidebar-layout]]></wp:meta_key>
		<wp:meta_value><![CDATA[default]]></wp:meta_value>
		</wp:postmeta>
							<wp:postmeta>
		<wp:meta_key><![CDATA[site-post-title]]></wp:meta_key>
		<wp:meta_value><![CDATA[disabled]]></wp:meta_value>
		</wp:postmeta>
							</item>
					<item>
		<title>Blog</title>
		<link>http://stackthemesdemo.com/themes/bstone/lawyer/blog/</link>
		<pubDate>Wed, 23 Oct 2019 16:33:25 +0000</pubDate>
		<dc:creator><![CDATA[arick]]></dc:creator>
		<guid isPermaLink="false">http://stackthemesdemo.com/themes/bstone/lawyer/?page_id=13</guid>
		<description></description>
		<content:encoded><![CDATA[]]></content:encoded>
		<excerpt:encoded><![CDATA[]]></excerpt:encoded>
		<wp:post_id>13</wp:post_id>
		<wp:post_date><![CDATA[2019-10-23 16:33:25]]></wp:post_date>
		<wp:post_date_gmt><![CDATA[2019-10-23 16:33:25]]></wp:post_date_gmt>
		<wp:comment_status><![CDATA[closed]]></wp:comment_status>
		<wp:ping_status><![CDATA[closed]]></wp:ping_status>
		<wp:post_name><![CDATA[blog]]></wp:post_name>
		<wp:status><![CDATA[publish]]></wp:status>
		<wp:post_parent>0</wp:post_parent>
		<wp:menu_order>0</wp:menu_order>
		<wp:post_type><![CDATA[page]]></wp:post_type>
		<wp:post_password><![CDATA[]]></wp:post_password>
		<wp:is_sticky>0</wp:is_sticky>
														<wp:postmeta>
		<wp:meta_key><![CDATA[_elementor_controls_usage]]></wp:meta_key>
		<wp:meta_value><![CDATA[a:0:{}]]></wp:meta_value>
		</wp:postmeta>
							<wp:postmeta>
		<wp:meta_key><![CDATA[_edit_last]]></wp:meta_key>
		<wp:meta_value><![CDATA[1]]></wp:meta_value>
		</wp:postmeta>
							<wp:postmeta>
		<wp:meta_key><![CDATA[site-content-layout]]></wp:meta_key>
		<wp:meta_value><![CDATA[default]]></wp:meta_value>
		</wp:postmeta>
							<wp:postmeta>
		<wp:meta_key><![CDATA[site-sidebar-layout]]></wp:meta_key>
		<wp:meta_value><![CDATA[default]]></wp:meta_value>
		</wp:postmeta>
							<wp:postmeta>
		<wp:meta_key><![CDATA[site-post-title]]></wp:meta_key>
		<wp:meta_value><![CDATA[disabled]]></wp:meta_value>
		</wp:postmeta>
							</item>
					<item>
		<title>Contact</title>
		<link>http://stackthemesdemo.com/themes/bstone/lawyer/contact/</link>
		<pubDate>Wed, 23 Oct 2019 16:33:39 +0000</pubDate>
		<dc:creator><![CDATA[arick]]></dc:creator>
		<guid isPermaLink="false">http://stackthemesdemo.com/themes/bstone/lawyer/?page_id=15</guid>
		<description></description>
		<content:encoded><![CDATA[]]></content:encoded>
		<excerpt:encoded><![CDATA[]]></excerpt:encoded>
		<wp:post_id>15</wp:post_id>
		<wp:post_date><![CDATA[2019-10-23 16:33:39]]></wp:post_date>
		<wp:post_date_gmt><![CDATA[2019-10-23 16:33:39]]></wp:post_date_gmt>
		<wp:comment_status><![CDATA[closed]]></wp:comment_status>
		<wp:ping_status><![CDATA[closed]]></wp:ping_status>
		<wp:post_name><![CDATA[contact]]></wp:post_name>
		<wp:status><![CDATA[publish]]></wp:status>
		<wp:post_parent>0</wp:post_parent>
		<wp:menu_order>0</wp:menu_order>
		<wp:post_type><![CDATA[page]]></wp:post_type>
		<wp:post_password><![CDATA[]]></wp:post_password>
		<wp:is_sticky>0</wp:is_sticky>
														<wp:postmeta>
		<wp:meta_key><![CDATA[_elementor_controls_usage]]></wp:meta_key>
		<wp:meta_value><![CDATA[a:0:{}]]></wp:meta_value>
		</wp:postmeta>
							<wp:postmeta>
		<wp:meta_key><![CDATA[_edit_last]]></wp:meta_key>
		<wp:meta_value><![CDATA[1]]></wp:meta_value>
		</wp:postmeta>
							<wp:postmeta>
		<wp:meta_key><![CDATA[site-content-layout]]></wp:meta_key>
		<wp:meta_value><![CDATA[default]]></wp:meta_value>
		</wp:postmeta>
							<wp:postmeta>
		<wp:meta_key><![CDATA[site-sidebar-layout]]></wp:meta_key>
		<wp:meta_value><![CDATA[default]]></wp:meta_value>
		</wp:postmeta>
							<wp:postmeta>
		<wp:meta_key><![CDATA[site-post-title]]></wp:meta_key>
		<wp:meta_value><![CDATA[disabled]]></wp:meta_value>
		</wp:postmeta>
							</item>
					<item>
		<title></title>
		<link>http://stackthemesdemo.com/themes/bstone/lawyer/2019/10/23/17/</link>
		<pubDate>Wed, 23 Oct 2019 16:34:47 +0000</pubDate>
		<dc:creator><![CDATA[arick]]></dc:creator>
		<guid isPermaLink="false">http://stackthemesdemo.com/themes/bstone/lawyer/?p=17</guid>
		<description></description>
		<content:encoded><![CDATA[ ]]></content:encoded>
		<excerpt:encoded><![CDATA[]]></excerpt:encoded>
		<wp:post_id>17</wp:post_id>
		<wp:post_date><![CDATA[2019-10-23 16:34:47]]></wp:post_date>
		<wp:post_date_gmt><![CDATA[2019-10-23 16:34:47]]></wp:post_date_gmt>
		<wp:comment_status><![CDATA[closed]]></wp:comment_status>
		<wp:ping_status><![CDATA[closed]]></wp:ping_status>
		<wp:post_name><![CDATA[17]]></wp:post_name>
		<wp:status><![CDATA[publish]]></wp:status>
		<wp:post_parent>0</wp:post_parent>
		<wp:menu_order>6</wp:menu_order>
		<wp:post_type><![CDATA[nav_menu_item]]></wp:post_type>
		<wp:post_password><![CDATA[]]></wp:post_password>
		<wp:is_sticky>0</wp:is_sticky>
										<category domain="nav_menu" nicename="main-menu"><![CDATA[Main Menu]]></category>
						<wp:postmeta>
		<wp:meta_key><![CDATA[_menu_item_type]]></wp:meta_key>
		<wp:meta_value><![CDATA[post_type]]></wp:meta_value>
		</wp:postmeta>
							<wp:postmeta>
		<wp:meta_key><![CDATA[_menu_item_menu_item_parent]]></wp:meta_key>
		<wp:meta_value><![CDATA[0]]></wp:meta_value>
		</wp:postmeta>
							<wp:postmeta>
		<wp:meta_key><![CDATA[_menu_item_object_id]]></wp:meta_key>
		<wp:meta_value><![CDATA[15]]></wp:meta_value>
		</wp:postmeta>
							<wp:postmeta>
		<wp:meta_key><![CDATA[_menu_item_object]]></wp:meta_key>
		<wp:meta_value><![CDATA[page]]></wp:meta_value>
		</wp:postmeta>
							<wp:postmeta>
		<wp:meta_key><![CDATA[_menu_item_target]]></wp:meta_key>
		<wp:meta_value><![CDATA[]]></wp:meta_value>
		</wp:postmeta>
							<wp:postmeta>
		<wp:meta_key><![CDATA[_menu_item_classes]]></wp:meta_key>
		<wp:meta_value><![CDATA[a:1:{i:0;s:0:"";}]]></wp:meta_value>
		</wp:postmeta>
							<wp:postmeta>
		<wp:meta_key><![CDATA[_menu_item_xfn]]></wp:meta_key>
		<wp:meta_value><![CDATA[]]></wp:meta_value>
		</wp:postmeta>
							<wp:postmeta>
		<wp:meta_key><![CDATA[_menu_item_url]]></wp:meta_key>
		<wp:meta_value><![CDATA[]]></wp:meta_value>
		</wp:postmeta>
							<wp:postmeta>
		<wp:meta_key><![CDATA[_elementor_controls_usage]]></wp:meta_key>
		<wp:meta_value><![CDATA[a:0:{}]]></wp:meta_value>
		</wp:postmeta>
							</item>
					<item>
		<title></title>
		<link>http://stackthemesdemo.com/themes/bstone/lawyer/2019/10/23/18/</link>
		<pubDate>Wed, 23 Oct 2019 16:34:46 +0000</pubDate>
		<dc:creator><![CDATA[arick]]></dc:creator>
		<guid isPermaLink="false">http://stackthemesdemo.com/themes/bstone/lawyer/?p=18</guid>
		<description></description>
		<content:encoded><![CDATA[ ]]></content:encoded>
		<excerpt:encoded><![CDATA[]]></excerpt:encoded>
		<wp:post_id>18</wp:post_id>
		<wp:post_date><![CDATA[2019-10-23 16:34:46]]></wp:post_date>
		<wp:post_date_gmt><![CDATA[2019-10-23 16:34:46]]></wp:post_date_gmt>
		<wp:comment_status><![CDATA[closed]]></wp:comment_status>
		<wp:ping_status><![CDATA[closed]]></wp:ping_status>
		<wp:post_name><![CDATA[18]]></wp:post_name>
		<wp:status><![CDATA[publish]]></wp:status>
		<wp:post_parent>0</wp:post_parent>
		<wp:menu_order>5</wp:menu_order>
		<wp:post_type><![CDATA[nav_menu_item]]></wp:post_type>
		<wp:post_password><![CDATA[]]></wp:post_password>
		<wp:is_sticky>0</wp:is_sticky>
										<category domain="nav_menu" nicename="main-menu"><![CDATA[Main Menu]]></category>
						<wp:postmeta>
		<wp:meta_key><![CDATA[_menu_item_type]]></wp:meta_key>
		<wp:meta_value><![CDATA[post_type]]></wp:meta_value>
		</wp:postmeta>
							<wp:postmeta>
		<wp:meta_key><![CDATA[_menu_item_menu_item_parent]]></wp:meta_key>
		<wp:meta_value><![CDATA[0]]></wp:meta_value>
		</wp:postmeta>
							<wp:postmeta>
		<wp:meta_key><![CDATA[_menu_item_object_id]]></wp:meta_key>
		<wp:meta_value><![CDATA[13]]></wp:meta_value>
		</wp:postmeta>
							<wp:postmeta>
		<wp:meta_key><![CDATA[_menu_item_object]]></wp:meta_key>
		<wp:meta_value><![CDATA[page]]></wp:meta_value>
		</wp:postmeta>
							<wp:postmeta>
		<wp:meta_key><![CDATA[_menu_item_target]]></wp:meta_key>
		<wp:meta_value><![CDATA[]]></wp:meta_value>
		</wp:postmeta>
							<wp:postmeta>
		<wp:meta_key><![CDATA[_menu_item_classes]]></wp:meta_key>
		<wp:meta_value><![CDATA[a:1:{i:0;s:0:"";}]]></wp:meta_value>
		</wp:postmeta>
							<wp:postmeta>
		<wp:meta_key><![CDATA[_menu_item_xfn]]></wp:meta_key>
		<wp:meta_value><![CDATA[]]></wp:meta_value>
		</wp:postmeta>
							<wp:postmeta>
		<wp:meta_key><![CDATA[_menu_item_url]]></wp:meta_key>
		<wp:meta_value><![CDATA[]]></wp:meta_value>
		</wp:postmeta>
							<wp:postmeta>
		<wp:meta_key><![CDATA[_elementor_controls_usage]]></wp:meta_key>
		<wp:meta_value><![CDATA[a:0:{}]]></wp:meta_value>
		</wp:postmeta>
							</item>
					<item>
		<title></title>
		<link>http://stackthemesdemo.com/themes/bstone/lawyer/2019/10/23/19/</link>
		<pubDate>Wed, 23 Oct 2019 16:34:46 +0000</pubDate>
		<dc:creator><![CDATA[arick]]></dc:creator>
		<guid isPermaLink="false">http://stackthemesdemo.com/themes/bstone/lawyer/?p=19</guid>
		<description></description>
		<content:encoded><![CDATA[ ]]></content:encoded>
		<excerpt:encoded><![CDATA[]]></excerpt:encoded>
		<wp:post_id>19</wp:post_id>
		<wp:post_date><![CDATA[2019-10-23 16:34:46]]></wp:post_date>
		<wp:post_date_gmt><![CDATA[2019-10-23 16:34:46]]></wp:post_date_gmt>
		<wp:comment_status><![CDATA[closed]]></wp:comment_status>
		<wp:ping_status><![CDATA[closed]]></wp:ping_status>
		<wp:post_name><![CDATA[19]]></wp:post_name>
		<wp:status><![CDATA[publish]]></wp:status>
		<wp:post_parent>0</wp:post_parent>
		<wp:menu_order>4</wp:menu_order>
		<wp:post_type><![CDATA[nav_menu_item]]></wp:post_type>
		<wp:post_password><![CDATA[]]></wp:post_password>
		<wp:is_sticky>0</wp:is_sticky>
										<category domain="nav_menu" nicename="main-menu"><![CDATA[Main Menu]]></category>
						<wp:postmeta>
		<wp:meta_key><![CDATA[_menu_item_type]]></wp:meta_key>
		<wp:meta_value><![CDATA[post_type]]></wp:meta_value>
		</wp:postmeta>
							<wp:postmeta>
		<wp:meta_key><![CDATA[_menu_item_menu_item_parent]]></wp:meta_key>
		<wp:meta_value><![CDATA[0]]></wp:meta_value>
		</wp:postmeta>
							<wp:postmeta>
		<wp:meta_key><![CDATA[_menu_item_object_id]]></wp:meta_key>
		<wp:meta_value><![CDATA[11]]></wp:meta_value>
		</wp:postmeta>
							<wp:postmeta>
		<wp:meta_key><![CDATA[_menu_item_object]]></wp:meta_key>
		<wp:meta_value><![CDATA[page]]></wp:meta_value>
		</wp:postmeta>
							<wp:postmeta>
		<wp:meta_key><![CDATA[_menu_item_target]]></wp:meta_key>
		<wp:meta_value><![CDATA[]]></wp:meta_value>
		</wp:postmeta>
							<wp:postmeta>
		<wp:meta_key><![CDATA[_menu_item_classes]]></wp:meta_key>
		<wp:meta_value><![CDATA[a:1:{i:0;s:0:"";}]]></wp:meta_value>
		</wp:postmeta>
							<wp:postmeta>
		<wp:meta_key><![CDATA[_menu_item_xfn]]></wp:meta_key>
		<wp:meta_value><![CDATA[]]></wp:meta_value>
		</wp:postmeta>
							<wp:postmeta>
		<wp:meta_key><![CDATA[_menu_item_url]]></wp:meta_key>
		<wp:meta_value><![CDATA[]]></wp:meta_value>
		</wp:postmeta>
							<wp:postmeta>
		<wp:meta_key><![CDATA[_elementor_controls_usage]]></wp:meta_key>
		<wp:meta_value><![CDATA[a:0:{}]]></wp:meta_value>
		</wp:postmeta>
							</item>
					<item>
		<title></title>
		<link>http://stackthemesdemo.com/themes/bstone/lawyer/2019/10/23/20/</link>
		<pubDate>Wed, 23 Oct 2019 16:34:46 +0000</pubDate>
		<dc:creator><![CDATA[arick]]></dc:creator>
		<guid isPermaLink="false">http://stackthemesdemo.com/themes/bstone/lawyer/?p=20</guid>
		<description></description>
		<content:encoded><![CDATA[ ]]></content:encoded>
		<excerpt:encoded><![CDATA[]]></excerpt:encoded>
		<wp:post_id>20</wp:post_id>
		<wp:post_date><![CDATA[2019-10-23 16:34:46]]></wp:post_date>
		<wp:post_date_gmt><![CDATA[2019-10-23 16:34:46]]></wp:post_date_gmt>
		<wp:comment_status><![CDATA[closed]]></wp:comment_status>
		<wp:ping_status><![CDATA[closed]]></wp:ping_status>
		<wp:post_name><![CDATA[20]]></wp:post_name>
		<wp:status><![CDATA[publish]]></wp:status>
		<wp:post_parent>0</wp:post_parent>
		<wp:menu_order>3</wp:menu_order>
		<wp:post_type><![CDATA[nav_menu_item]]></wp:post_type>
		<wp:post_password><![CDATA[]]></wp:post_password>
		<wp:is_sticky>0</wp:is_sticky>
										<category domain="nav_menu" nicename="main-menu"><![CDATA[Main Menu]]></category>
						<wp:postmeta>
		<wp:meta_key><![CDATA[_menu_item_type]]></wp:meta_key>
		<wp:meta_value><![CDATA[post_type]]></wp:meta_value>
		</wp:postmeta>
							<wp:postmeta>
		<wp:meta_key><![CDATA[_menu_item_menu_item_parent]]></wp:meta_key>
		<wp:meta_value><![CDATA[0]]></wp:meta_value>
		</wp:postmeta>
							<wp:postmeta>
		<wp:meta_key><![CDATA[_menu_item_object_id]]></wp:meta_key>
		<wp:meta_value><![CDATA[9]]></wp:meta_value>
		</wp:postmeta>
							<wp:postmeta>
		<wp:meta_key><![CDATA[_menu_item_object]]></wp:meta_key>
		<wp:meta_value><![CDATA[page]]></wp:meta_value>
		</wp:postmeta>
							<wp:postmeta>
		<wp:meta_key><![CDATA[_menu_item_target]]></wp:meta_key>
		<wp:meta_value><![CDATA[]]></wp:meta_value>
		</wp:postmeta>
							<wp:postmeta>
		<wp:meta_key><![CDATA[_menu_item_classes]]></wp:meta_key>
		<wp:meta_value><![CDATA[a:1:{i:0;s:0:"";}]]></wp:meta_value>
		</wp:postmeta>
							<wp:postmeta>
		<wp:meta_key><![CDATA[_menu_item_xfn]]></wp:meta_key>
		<wp:meta_value><![CDATA[]]></wp:meta_value>
		</wp:postmeta>
							<wp:postmeta>
		<wp:meta_key><![CDATA[_menu_item_url]]></wp:meta_key>
		<wp:meta_value><![CDATA[]]></wp:meta_value>
		</wp:postmeta>
							<wp:postmeta>
		<wp:meta_key><![CDATA[_elementor_controls_usage]]></wp:meta_key>
		<wp:meta_value><![CDATA[a:0:{}]]></wp:meta_value>
		</wp:postmeta>
							</item>
					<item>
		<title></title>
		<link>http://stackthemesdemo.com/themes/bstone/lawyer/2019/10/23/21/</link>
		<pubDate>Wed, 23 Oct 2019 16:34:46 +0000</pubDate>
		<dc:creator><![CDATA[arick]]></dc:creator>
		<guid isPermaLink="false">http://stackthemesdemo.com/themes/bstone/lawyer/?p=21</guid>
		<description></description>
		<content:encoded><![CDATA[ ]]></content:encoded>
		<excerpt:encoded><![CDATA[]]></excerpt:encoded>
		<wp:post_id>21</wp:post_id>
		<wp:post_date><![CDATA[2019-10-23 16:34:46]]></wp:post_date>
		<wp:post_date_gmt><![CDATA[2019-10-23 16:34:46]]></wp:post_date_gmt>
		<wp:comment_status><![CDATA[closed]]></wp:comment_status>
		<wp:ping_status><![CDATA[closed]]></wp:ping_status>
		<wp:post_name><![CDATA[21]]></wp:post_name>
		<wp:status><![CDATA[publish]]></wp:status>
		<wp:post_parent>0</wp:post_parent>
		<wp:menu_order>2</wp:menu_order>
		<wp:post_type><![CDATA[nav_menu_item]]></wp:post_type>
		<wp:post_password><![CDATA[]]></wp:post_password>
		<wp:is_sticky>0</wp:is_sticky>
										<category domain="nav_menu" nicename="main-menu"><![CDATA[Main Menu]]></category>
						<wp:postmeta>
		<wp:meta_key><![CDATA[_menu_item_type]]></wp:meta_key>
		<wp:meta_value><![CDATA[post_type]]></wp:meta_value>
		</wp:postmeta>
							<wp:postmeta>
		<wp:meta_key><![CDATA[_menu_item_menu_item_parent]]></wp:meta_key>
		<wp:meta_value><![CDATA[0]]></wp:meta_value>
		</wp:postmeta>
							<wp:postmeta>
		<wp:meta_key><![CDATA[_menu_item_object_id]]></wp:meta_key>
		<wp:meta_value><![CDATA[7]]></wp:meta_value>
		</wp:postmeta>
							<wp:postmeta>
		<wp:meta_key><![CDATA[_menu_item_object]]></wp:meta_key>
		<wp:meta_value><![CDATA[page]]></wp:meta_value>
		</wp:postmeta>
							<wp:postmeta>
		<wp:meta_key><![CDATA[_menu_item_target]]></wp:meta_key>
		<wp:meta_value><![CDATA[]]></wp:meta_value>
		</wp:postmeta>
							<wp:postmeta>
		<wp:meta_key><![CDATA[_menu_item_classes]]></wp:meta_key>
		<wp:meta_value><![CDATA[a:1:{i:0;s:0:"";}]]></wp:meta_value>
		</wp:postmeta>
							<wp:postmeta>
		<wp:meta_key><![CDATA[_menu_item_xfn]]></wp:meta_key>
		<wp:meta_value><![CDATA[]]></wp:meta_value>
		</wp:postmeta>
							<wp:postmeta>
		<wp:meta_key><![CDATA[_menu_item_url]]></wp:meta_key>
		<wp:meta_value><![CDATA[]]></wp:meta_value>
		</wp:postmeta>
							<wp:postmeta>
		<wp:meta_key><![CDATA[_elementor_controls_usage]]></wp:meta_key>
		<wp:meta_value><![CDATA[a:0:{}]]></wp:meta_value>
		</wp:postmeta>
							</item>
					<item>
		<title></title>
		<link>http://stackthemesdemo.com/themes/bstone/lawyer/2019/10/23/22/</link>
		<pubDate>Wed, 23 Oct 2019 16:34:46 +0000</pubDate>
		<dc:creator><![CDATA[arick]]></dc:creator>
		<guid isPermaLink="false">http://stackthemesdemo.com/themes/bstone/lawyer/?p=22</guid>
		<description></description>
		<content:encoded><![CDATA[ ]]></content:encoded>
		<excerpt:encoded><![CDATA[]]></excerpt:encoded>
		<wp:post_id>22</wp:post_id>
		<wp:post_date><![CDATA[2019-10-23 16:34:46]]></wp:post_date>
		<wp:post_date_gmt><![CDATA[2019-10-23 16:34:46]]></wp:post_date_gmt>
		<wp:comment_status><![CDATA[closed]]></wp:comment_status>
		<wp:ping_status><![CDATA[closed]]></wp:ping_status>
		<wp:post_name><![CDATA[22]]></wp:post_name>
		<wp:status><![CDATA[publish]]></wp:status>
		<wp:post_parent>0</wp:post_parent>
		<wp:menu_order>1</wp:menu_order>
		<wp:post_type><![CDATA[nav_menu_item]]></wp:post_type>
		<wp:post_password><![CDATA[]]></wp:post_password>
		<wp:is_sticky>0</wp:is_sticky>
										<category domain="nav_menu" nicename="main-menu"><![CDATA[Main Menu]]></category>
						<wp:postmeta>
		<wp:meta_key><![CDATA[_menu_item_type]]></wp:meta_key>
		<wp:meta_value><![CDATA[post_type]]></wp:meta_value>
		</wp:postmeta>
							<wp:postmeta>
		<wp:meta_key><![CDATA[_menu_item_menu_item_parent]]></wp:meta_key>
		<wp:meta_value><![CDATA[0]]></wp:meta_value>
		</wp:postmeta>
							<wp:postmeta>
		<wp:meta_key><![CDATA[_menu_item_object_id]]></wp:meta_key>
		<wp:meta_value><![CDATA[2]]></wp:meta_value>
		</wp:postmeta>
							<wp:postmeta>
		<wp:meta_key><![CDATA[_menu_item_object]]></wp:meta_key>
		<wp:meta_value><![CDATA[page]]></wp:meta_value>
		</wp:postmeta>
							<wp:postmeta>
		<wp:meta_key><![CDATA[_menu_item_target]]></wp:meta_key>
		<wp:meta_value><![CDATA[]]></wp:meta_value>
		</wp:postmeta>
							<wp:postmeta>
		<wp:meta_key><![CDATA[_menu_item_classes]]></wp:meta_key>
		<wp:meta_value><![CDATA[a:1:{i:0;s:0:"";}]]></wp:meta_value>
		</wp:postmeta>
							<wp:postmeta>
		<wp:meta_key><![CDATA[_menu_item_xfn]]></wp:meta_key>
		<wp:meta_value><![CDATA[]]></wp:meta_value>
		</wp:postmeta>
							<wp:postmeta>
		<wp:meta_key><![CDATA[_menu_item_url]]></wp:meta_key>
		<wp:meta_value><![CDATA[]]></wp:meta_value>
		</wp:postmeta>
							<wp:postmeta>
		<wp:meta_key><![CDATA[_elementor_controls_usage]]></wp:meta_key>
		<wp:meta_value><![CDATA[a:0:{}]]></wp:meta_value>
		</wp:postmeta>
							</item>
					<item>
		<title>slide01</title>
		<link>http://stackthemesdemo.com/themes/bstone/lawyer/home/slide01/</link>
		<pubDate>Wed, 23 Oct 2019 16:37:32 +0000</pubDate>
		<dc:creator><![CDATA[arick]]></dc:creator>
		<guid isPermaLink="false">http://stackthemesdemo.com/themes/bstone/lawyer/wp-content/uploads/sites/17/2019/10/slide01.jpg</guid>
		<description></description>
		<content:encoded><![CDATA[]]></content:encoded>
		<excerpt:encoded><![CDATA[]]></excerpt:encoded>
		<wp:post_id>27</wp:post_id>
		<wp:post_date><![CDATA[2019-10-23 16:37:32]]></wp:post_date>
		<wp:post_date_gmt><![CDATA[2019-10-23 16:37:32]]></wp:post_date_gmt>
		<wp:comment_status><![CDATA[open]]></wp:comment_status>
		<wp:ping_status><![CDATA[closed]]></wp:ping_status>
		<wp:post_name><![CDATA[slide01]]></wp:post_name>
		<wp:status><![CDATA[inherit]]></wp:status>
		<wp:post_parent>2</wp:post_parent>
		<wp:menu_order>0</wp:menu_order>
		<wp:post_type><![CDATA[attachment]]></wp:post_type>
		<wp:post_password><![CDATA[]]></wp:post_password>
		<wp:is_sticky>0</wp:is_sticky>
						<wp:attachment_url><![CDATA[http://stackthemesdemo.com/themes/bstone/lawyer/wp-content/uploads/sites/17/2019/10/slide01.jpg]]></wp:attachment_url>
											<wp:postmeta>
		<wp:meta_key><![CDATA[_wp_attached_file]]></wp:meta_key>
		<wp:meta_value><![CDATA[2019/10/slide01.jpg]]></wp:meta_value>
		</wp:postmeta>
							<wp:postmeta>
		<wp:meta_key><![CDATA[_wp_attachment_metadata]]></wp:meta_key>
		<wp:meta_value><![CDATA[a:5:{s:5:"width";i:1920;s:6:"height";i:820;s:4:"file";s:19:"2019/10/slide01.jpg";s:5:"sizes";a:8:{s:9:"thumbnail";a:4:{s:4:"file";s:19:"slide01-150x150.jpg";s:5:"width";i:150;s:6:"height";i:150;s:9:"mime-type";s:10:"image/jpeg";}s:6:"medium";a:4:{s:4:"file";s:19:"slide01-300x128.jpg";s:5:"width";i:300;s:6:"height";i:128;s:9:"mime-type";s:10:"image/jpeg";}s:12:"medium_large";a:4:{s:4:"file";s:19:"slide01-768x328.jpg";s:5:"width";i:768;s:6:"height";i:328;s:9:"mime-type";s:10:"image/jpeg";}s:5:"large";a:4:{s:4:"file";s:20:"slide01-1024x437.jpg";s:5:"width";i:1024;s:6:"height";i:437;s:9:"mime-type";s:10:"image/jpeg";}s:12:"bstone-small";a:4:{s:4:"file";s:19:"slide01-700x450.jpg";s:5:"width";i:700;s:6:"height";i:450;s:9:"mime-type";s:10:"image/jpeg";}s:13:"bstone-medium";a:4:{s:4:"file";s:20:"slide01-1000x563.jpg";s:5:"width";i:1000;s:6:"height";i:563;s:9:"mime-type";s:10:"image/jpeg";}s:12:"bstone-large";a:4:{s:4:"file";s:20:"slide01-1920x780.jpg";s:5:"width";i:1920;s:6:"height";i:780;s:9:"mime-type";s:10:"image/jpeg";}s:13:"bstone-banner";a:4:{s:4:"file";s:20:"slide01-1920x500.jpg";s:5:"width";i:1920;s:6:"height";i:500;s:9:"mime-type";s:10:"image/jpeg";}}s:10:"image_meta";a:12:{s:8:"aperture";s:1:"0";s:6:"credit";s:0:"";s:6:"camera";s:0:"";s:7:"caption";s:0:"";s:17:"created_timestamp";s:1:"0";s:9:"copyright";s:0:"";s:12:"focal_length";s:1:"0";s:3:"iso";s:1:"0";s:13:"shutter_speed";s:1:"0";s:5:"title";s:0:"";s:11:"orientation";s:1:"0";s:8:"keywords";a:0:{}}}]]></wp:meta_value>
		</wp:postmeta>
							</item>
					<item>
		<title>slide02</title>
		<link>http://stackthemesdemo.com/themes/bstone/lawyer/home/slide02/</link>
		<pubDate>Wed, 23 Oct 2019 16:37:36 +0000</pubDate>
		<dc:creator><![CDATA[arick]]></dc:creator>
		<guid isPermaLink="false">http://stackthemesdemo.com/themes/bstone/lawyer/wp-content/uploads/sites/17/2019/10/slide02.jpg</guid>
		<description></description>
		<content:encoded><![CDATA[]]></content:encoded>
		<excerpt:encoded><![CDATA[]]></excerpt:encoded>
		<wp:post_id>28</wp:post_id>
		<wp:post_date><![CDATA[2019-10-23 16:37:36]]></wp:post_date>
		<wp:post_date_gmt><![CDATA[2019-10-23 16:37:36]]></wp:post_date_gmt>
		<wp:comment_status><![CDATA[open]]></wp:comment_status>
		<wp:ping_status><![CDATA[closed]]></wp:ping_status>
		<wp:post_name><![CDATA[slide02]]></wp:post_name>
		<wp:status><![CDATA[inherit]]></wp:status>
		<wp:post_parent>2</wp:post_parent>
		<wp:menu_order>0</wp:menu_order>
		<wp:post_type><![CDATA[attachment]]></wp:post_type>
		<wp:post_password><![CDATA[]]></wp:post_password>
		<wp:is_sticky>0</wp:is_sticky>
						<wp:attachment_url><![CDATA[http://stackthemesdemo.com/themes/bstone/lawyer/wp-content/uploads/sites/17/2019/10/slide02.jpg]]></wp:attachment_url>
											<wp:postmeta>
		<wp:meta_key><![CDATA[_wp_attached_file]]></wp:meta_key>
		<wp:meta_value><![CDATA[2019/10/slide02.jpg]]></wp:meta_value>
		</wp:postmeta>
							<wp:postmeta>
		<wp:meta_key><![CDATA[_wp_attachment_metadata]]></wp:meta_key>
		<wp:meta_value><![CDATA[a:5:{s:5:"width";i:1920;s:6:"height";i:820;s:4:"file";s:19:"2019/10/slide02.jpg";s:5:"sizes";a:8:{s:9:"thumbnail";a:4:{s:4:"file";s:19:"slide02-150x150.jpg";s:5:"width";i:150;s:6:"height";i:150;s:9:"mime-type";s:10:"image/jpeg";}s:6:"medium";a:4:{s:4:"file";s:19:"slide02-300x128.jpg";s:5:"width";i:300;s:6:"height";i:128;s:9:"mime-type";s:10:"image/jpeg";}s:12:"medium_large";a:4:{s:4:"file";s:19:"slide02-768x328.jpg";s:5:"width";i:768;s:6:"height";i:328;s:9:"mime-type";s:10:"image/jpeg";}s:5:"large";a:4:{s:4:"file";s:20:"slide02-1024x437.jpg";s:5:"width";i:1024;s:6:"height";i:437;s:9:"mime-type";s:10:"image/jpeg";}s:12:"bstone-small";a:4:{s:4:"file";s:19:"slide02-700x450.jpg";s:5:"width";i:700;s:6:"height";i:450;s:9:"mime-type";s:10:"image/jpeg";}s:13:"bstone-medium";a:4:{s:4:"file";s:20:"slide02-1000x563.jpg";s:5:"width";i:1000;s:6:"height";i:563;s:9:"mime-type";s:10:"image/jpeg";}s:12:"bstone-large";a:4:{s:4:"file";s:20:"slide02-1920x780.jpg";s:5:"width";i:1920;s:6:"height";i:780;s:9:"mime-type";s:10:"image/jpeg";}s:13:"bstone-banner";a:4:{s:4:"file";s:20:"slide02-1920x500.jpg";s:5:"width";i:1920;s:6:"height";i:500;s:9:"mime-type";s:10:"image/jpeg";}}s:10:"image_meta";a:12:{s:8:"aperture";s:1:"0";s:6:"credit";s:0:"";s:6:"camera";s:0:"";s:7:"caption";s:0:"";s:17:"created_timestamp";s:1:"0";s:9:"copyright";s:0:"";s:12:"focal_length";s:1:"0";s:3:"iso";s:1:"0";s:13:"shutter_speed";s:1:"0";s:5:"title";s:0:"";s:11:"orientation";s:1:"0";s:8:"keywords";a:0:{}}}]]></wp:meta_value>
		</wp:postmeta>
							</item>
					<item>
		<title>logo</title>
		<link>http://stackthemesdemo.com/themes/bstone/lawyer/logo/</link>
		<pubDate>Wed, 23 Oct 2019 17:00:36 +0000</pubDate>
		<dc:creator><![CDATA[arick]]></dc:creator>
		<guid isPermaLink="false">http://stackthemesdemo.com/themes/bstone/lawyer/wp-content/uploads/sites/17/2019/10/logo.png</guid>
		<description></description>
		<content:encoded><![CDATA[]]></content:encoded>
		<excerpt:encoded><![CDATA[]]></excerpt:encoded>
		<wp:post_id>36</wp:post_id>
		<wp:post_date><![CDATA[2019-10-23 17:00:36]]></wp:post_date>
		<wp:post_date_gmt><![CDATA[2019-10-23 17:00:36]]></wp:post_date_gmt>
		<wp:comment_status><![CDATA[open]]></wp:comment_status>
		<wp:ping_status><![CDATA[closed]]></wp:ping_status>
		<wp:post_name><![CDATA[logo]]></wp:post_name>
		<wp:status><![CDATA[inherit]]></wp:status>
		<wp:post_parent>0</wp:post_parent>
		<wp:menu_order>0</wp:menu_order>
		<wp:post_type><![CDATA[attachment]]></wp:post_type>
		<wp:post_password><![CDATA[]]></wp:post_password>
		<wp:is_sticky>0</wp:is_sticky>
						<wp:attachment_url><![CDATA[http://stackthemesdemo.com/themes/bstone/lawyer/wp-content/uploads/sites/17/2019/10/logo.png]]></wp:attachment_url>
											<wp:postmeta>
		<wp:meta_key><![CDATA[_wp_attached_file]]></wp:meta_key>
		<wp:meta_value><![CDATA[2019/10/logo.png]]></wp:meta_value>
		</wp:postmeta>
							<wp:postmeta>
		<wp:meta_key><![CDATA[_wp_attachment_metadata]]></wp:meta_key>
		<wp:meta_value><![CDATA[a:5:{s:5:"width";i:250;s:6:"height";i:60;s:4:"file";s:16:"2019/10/logo.png";s:5:"sizes";a:1:{s:9:"thumbnail";a:4:{s:4:"file";s:15:"logo-150x60.png";s:5:"width";i:150;s:6:"height";i:60;s:9:"mime-type";s:9:"image/png";}}s:10:"image_meta";a:12:{s:8:"aperture";s:1:"0";s:6:"credit";s:0:"";s:6:"camera";s:0:"";s:7:"caption";s:0:"";s:17:"created_timestamp";s:1:"0";s:9:"copyright";s:0:"";s:12:"focal_length";s:1:"0";s:3:"iso";s:1:"0";s:13:"shutter_speed";s:1:"0";s:5:"title";s:0:"";s:11:"orientation";s:1:"0";s:8:"keywords";a:0:{}}}]]></wp:meta_value>
		</wp:postmeta>
							</item>
				</channel>
</rss>
	